{
  "_generated": "Generated by SweetTooth, do not edit",
  "description": "Astra Monitor is a cutting-edge, fully customizable, and performance-focused system monitoring extension for GNOME's top bar. It's an all-in-one solution for those seeking to keep a close eye on their system's performance metrics like CPU, GPU, RAM, disk usage, network statistics, and sensor readings.",
  "donations": {
    "buymeacoffee": "astra.ext",
    "patreon": "AstraExt"
  },
  "gettext-domain": "monitor@astraext.github.io",
  "license": "GPL-3.0-or-later",
  "name": "Astra Monitor",
  "settings-schema": "org.gnome.shell.extensions.astra-monitor",
  "shell-version": [
    "45",
    "46",
    "47"
  ],
  "url": "https://github.com/AstraExt/astra-monitor",
  "uuid": "monitor@astraext.github.io",
  "version": 46,
  "version-name": "29"
}